Workbook

Sheet Inputs
A1: AT Nursery Weekly Sowing Planner
A2: Default Current Week | B2: 7
A3: Default Germination % | B3: 0.9
A4: Default Sales Growth % | B4: 0.05
A5: Default Working Days This Week | B5: 5
A8: Line | B8: Crop Name | C8: Sow Priority (1=First) | D8: Current Week | E8: Grow Weeks | F8: Week Ready For | G8: Grow Tray | H8: Base Forecast Output Units | I8: Sales Growth % | J8: Adjusted Output Units | K8: Output Divisor | L8: Estimated Germ % | M8: Seeds Required to Plant | N8: Grow Trays Required | O8: Total Tray Cells Sown | P8: Expected Good Plants | Q8: Expected Output Units | R8: Difference vs Adjusted Forecast | S8: Capacity Group | T8: Sow This Week? | U8: Notes
A9: 1 | B9: Begonia 6-pack | C9: 1 | D9: =IF(B9<>"",$B$2,"") -> 7 | E9: 7 | F9: =IF(AND(D9<>"",E9<>""),D9+E9,"") -> 14 | G9: 595 | H9: 950 | I9: =IF(H9<>"",$B$4,"") -> 0.05 | J9: =IF(H9<>"",ROUNDUP(H9*(1+I9),0),"") -> 998 | K9: 6 | L9: =IF(B9<>"",$B$3,"") -> 0.9 | M9: =IF(AND(J9<>"",K9<>"",L9>0),ROUNDUP((J9*K9)/L9,0),"") -> 6654 | N9: =IF(AND(M9<>"",G9>0),ROUNDUP(M9/G9,0),"") -> 12 | O9: =IF(AND(N9<>"",G9>0),N9*G9,"") -> 7140 | P9: =IF(AND(O9<>"",L9<>""),ROUND(O9*L9,0),"") -> 6426 | Q9: =IF(AND(P9<>"",K9>0),ROUNDDOWN(P9/K9,0),"") -> 1071 | R9: =IF(AND(Q9<>"",J9<>""),Q9-J9,"") -> 73 | S9: =IF(G9<>"",G9&" tray","") -> 595 tray | T9: =IF(M9>0,"YES","") -> YES | U9: Example
A10: 2 | B10: Petunia 6-pack | C10: 2 | D10: =IF(B10<>"",$B$2,"") -> 7 | E10: 6 | F10: =IF(AND(D10<>"",E10<>""),D10+E10,"") -> 13 | G10: 595 | H10: 1200 | I10: =IF(H10<>"",$B$4,"") -> 0.05 | J10: =IF(H10<>"",ROUNDUP(H10*(1+I10),0),"") -> 1260 | K10: 6 | L10: =IF(B10<>"",$B$3,"") -> 0.9 | M10: =IF(AND(J10<>"",K10<>"",L10>0),ROUNDUP((J10*K10)/L10,0),"") -> 8400 | N10: =IF(AND(M10<>"",G10>0),ROUNDUP(M10/G10,0),"") -> 15 | O10: =IF(AND(N10<>"",G10>0),N10*G10,"") -> 8925 | P10: =IF(AND(O10<>"",L10<>""),ROUND(O10*L10,0),"") -> 8033 | Q10: =IF(AND(P10<>"",K10>0),ROUNDDOWN(P10/K10,0),"") -> 1338 | R10: =IF(AND(Q10<>"",J10<>""),Q10-J10,"") -> 78 | S10: =IF(G10<>"",G10&" tray","") -> 595 tray | T10: =IF(M10>0,"YES","") -> YES | U10: Example
A11: 3 | B11: Marigold 6-pack | C11: 3 | D11: =IF(B11<>"",$B$2,"") -> 7 | E11: 5 | F11: =IF(AND(D11<>"",E11<>""),D11+E11,"") -> 12 | G11: 595 | H11: 800 | I11: =IF(H11<>"",$B$4,"") -> 0.05 | J11: =IF(H11<>"",ROUNDUP(H11*(1+I11),0),"") -> 840 | K11: 6 | L11: =IF(B11<>"",$B$3,"") -> 0.9 | M11: =IF(AND(J11<>"",K11<>"",L11>0),ROUNDUP((J11*K11)/L11,0),"") -> 5600 | N11: =IF(AND(M11<>"",G11>0),ROUNDUP(M11/G11,0),"") -> 10 | O11: =IF(AND(N11<>"",G11>0),N11*G11,"") -> 5950 | P11: =IF(AND(O11<>"",L11<>""),ROUND(O11*L11,0),"") -> 5355 | Q11: =IF(AND(P11<>"",K11>0),ROUNDDOWN(P11/K11,0),"") -> 892 | R11: =IF(AND(Q11<>"",J11<>""),Q11-J11,"") -> 52 | S11: =IF(G11<>"",G11&" tray","") -> 595 tray | T11: =IF(M11>0,"YES","") -> YES | U11: Example
A12: 4 | B12: Petunia colour pot | C12: 4 | D12: =IF(B12<>"",$B$2,"") -> 7 | E12: 6 | F12: =IF(AND(D12<>"",E12<>""),D12+E12,"") -> 13 | G12: 512 | H12: 350 | I12: =IF(H12<>"",$B$4,"") -> 0.05 | J12: =IF(H12<>"",ROUNDUP(H12*(1+I12),0),"") -> 368 | K12: 2 | L12: =IF(B12<>"",$B$3,"") -> 0.9 | M12: =IF(AND(J12<>"",K12<>"",L12>0),ROUNDUP((J12*K12)/L12,0),"") -> 818 | N12: =IF(AND(M12<>"",G12>0),ROUNDUP(M12/G12,0),"") -> 2 | O12: =IF(AND(N12<>"",G12>0),N12*G12,"") -> 1024 | P12: =IF(AND(O12<>"",L12<>""),ROUND(O12*L12,0),"") -> 922 | Q12: =IF(AND(P12<>"",K12>0),ROUNDDOWN(P12/K12,0),"") -> 461 | R12: =IF(AND(Q12<>"",J12<>""),Q12-J12,"") -> 93 | S12: =IF(G12<>"",G12&" tray","") -> 512 tray | T12: =IF(M12>0,"YES","") -> YES | U12: Example
A13: 5 | B13: Dianthus perennial pot | C13: 5 | D13: =IF(B13<>"",$B$2,"") -> 7 | E13: 8 | F13: =IF(AND(D13<>"",E13<>""),D13+E13,"") -> 15 | G13: 128 | H13: 250 | I13: =IF(H13<>"",$B$4,"") -> 0.05 | J13: =IF(H13<>"",ROUNDUP(H13*(1+I13),0),"") -> 263 | K13: 1 | L13: =IF(B13<>"",$B$3,"") -> 0.9 | M13: =IF(AND(J13<>"",K13<>"",L13>0),ROUNDUP((J13*K13)/L13,0),"") -> 293 | N13: =IF(AND(M13<>"",G13>0),ROUNDUP(M13/G13,0),"") -> 3 | O13: =IF(AND(N13<>"",G13>0),N13*G13,"") -> 384 | P13: =IF(AND(O13<>"",L13<>""),ROUND(O13*L13,0),"") -> 346 | Q13: =IF(AND(P13<>"",K13>0),ROUNDDOWN(P13/K13,0),"") -> 346 | R13: =IF(AND(Q13<>"",J13<>""),Q13-J13,"") -> 83 | S13: =IF(G13<>"",G13&" tray","") -> 128 tray | T13: =IF(M13>0,"YES","") -> YES | U13: Example
A14: 6 | D14: =IF(B14<>"",$B$2,"") | F14: =IF(AND(D14<>"",E14<>""),D14+E14,"") | G14: 595 | I14: =IF(H14<>"",$B$4,"") | J14: =IF(H14<>"",ROUNDUP(H14*(1+I14),0),"") | K14: 6 | L14: =IF(B14<>"",$B$3,"") | M14: =IF(AND(J14<>"",K14<>"",L14>0),ROUNDUP((J14*K14)/L14,0),"") | N14: =IF(AND(M14<>"",G14>0),ROUNDUP(M14/G14,0),"") | O14: =IF(AND(N14<>"",G14>0),N14*G14,"") | P14: =IF(AND(O14<>"",L14<>""),ROUND(O14*L14,0),"") | Q14: =IF(AND(P14<>"",K14>0),ROUNDDOWN(P14/K14,0),"") | R14: =IF(AND(Q14<>"",J14<>""),Q14-J14,"") | S14: =IF(G14<>"",G14&" tray","") -> 595 tray | T14: =IF(M14>0,"YES","") -> YES
A15: 7 | D15: =IF(B15<>"",$B$2,"") | F15: =IF(AND(D15<>"",E15<>""),D15+E15,"") | G15: 595 | I15: =IF(H15<>"",$B$4,"") | J15: =IF(H15<>"",ROUNDUP(H15*(1+I15),0),"") | K15: 6 | L15: =IF(B15<>"",$B$3,"") | M15: =IF(AND(J15<>"",K15<>"",L15>0),ROUNDUP((J15*K15)/L15,0),"") | N15: =IF(AND(M15<>"",G15>0),ROUNDUP(M15/G15,0),"") | O15: =IF(AND(N15<>"",G15>0),N15*G15,"") | P15: =IF(AND(O15<>"",L15<>""),ROUND(O15*L15,0),"") | Q15: =IF(AND(P15<>"",K15>0),ROUNDDOWN(P15/K15,0),"") | R15: =IF(AND(Q15<>"",J15<>""),Q15-J15,"") | S15: =IF(G15<>"",G15&" tray","") -> 595 tray | T15: =IF(M15>0,"YES","") -> YES
A16: 8 | D16: =IF(B16<>"",$B$2,"") | F16: =IF(AND(D16<>"",E16<>""),D16+E16,"") | G16: 595 | I16: =IF(H16<>"",$B$4,"") | J16: =IF(H16<>"",ROUNDUP(H16*(1+I16),0),"") | K16: 6 | L16: =IF(B16<>"",$B$3,"") | M16: =IF(AND(J16<>"",K16<>"",L16>0),ROUNDUP((J16*K16)/L16,0),"") | N16: =IF(AND(M16<>"",G16>0),ROUNDUP(M16/G16,0),"") | O16: =IF(AND(N16<>"",G16>0),N16*G16,"") | P16: =IF(AND(O16<>"",L16<>""),ROUND(O16*L16,0),"") | Q16: =IF(AND(P16<>"",K16>0),ROUNDDOWN(P16/K16,0),"") | R16: =IF(AND(Q16<>"",J16<>""),Q16-J16,"") | S16: =IF(G16<>"",G16&" tray","") -> 595 tray | T16: =IF(M16>0,"YES","") -> YES
A17: 9 | D17: =IF(B17<>"",$B$2,"") | F17: =IF(AND(D17<>"",E17<>""),D17+E17,"") | G17: 595 | I17: =IF(H17<>"",$B$4,"") | J17: =IF(H17<>"",ROUNDUP(H17*(1+I17),0),"") | K17: 6 | L17: =IF(B17<>"",$B$3,"") | M17: =IF(AND(J17<>"",K17<>"",L17>0),ROUNDUP((J17*K17)/L17,0),"") | N17: =IF(AND(M17<>"",G17>0),ROUNDUP(M17/G17,0),"") | O17: =IF(AND(N17<>"",G17>0),N17*G17,"") | P17: =IF(AND(O17<>"",L17<>""),ROUND(O17*L17,0),"") | Q17: =IF(AND(P17<>"",K17>0),ROUNDDOWN(P17/K17,0),"") | R17: =IF(AND(Q17<>"",J17<>""),Q17-J17,"") | S17: =IF(G17<>"",G17&" tray","") -> 595 tray | T17: =IF(M17>0,"YES","") -> YES
A18: 10 | D18: =IF(B18<>"",$B$2,"") | F18: =IF(AND(D18<>"",E18<>""),D18+E18,"") | G18: 595 | I18: =IF(H18<>"",$B$4,"") | J18: =IF(H18<>"",ROUNDUP(H18*(1+I18),0),"") | K18: 6 | L18: =IF(B18<>"",$B$3,"") | M18: =IF(AND(J18<>"",K18<>"",L18>0),ROUNDUP((J18*K18)/L18,0),"") | N18: =IF(AND(M18<>"",G18>0),ROUNDUP(M18/G18,0),"") | O18: =IF(AND(N18<>"",G18>0),N18*G18,"") | P18: =IF(AND(O18<>"",L18<>""),ROUND(O18*L18,0),"") | Q18: =IF(AND(P18<>"",K18>0),ROUNDDOWN(P18/K18,0),"") | R18: =IF(AND(Q18<>"",J18<>""),Q18-J18,"") | S18: =IF(G18<>"",G18&" tray","") -> 595 tray | T18: =IF(M18>0,"YES","") -> YES
A19: 11 | D19: =IF(B19<>"",$B$2,"") | F19: =IF(AND(D19<>"",E19<>""),D19+E19,"") | G19: 595 | I19: =IF(H19<>"",$B$4,"") | J19: =IF(H19<>"",ROUNDUP(H19*(1+I19),0),"") | K19: 6 | L19: =IF(B19<>"",$B$3,"") | M19: =IF(AND(J19<>"",K19<>"",L19>0),ROUNDUP((J19*K19)/L19,0),"") | N19: =IF(AND(M19<>"",G19>0),ROUNDUP(M19/G19,0),"") | O19: =IF(AND(N19<>"",G19>0),N19*G19,"") | P19: =IF(AND(O19<>"",L19<>""),ROUND(O19*L19,0),"") | Q19: =IF(AND(P19<>"",K19>0),ROUNDDOWN(P19/K19,0),"") | R19: =IF(AND(Q19<>"",J19<>""),Q19-J19,"") | S19: =IF(G19<>"",G19&" tray","") -> 595 tray | T19: =IF(M19>0,"YES","") -> YES
A20: 12 | D20: =IF(B20<>"",$B$2,"") | F20: =IF(AND(D20<>"",E20<>""),D20+E20,"") | G20: 595 | I20: =IF(H20<>"",$B$4,"") | J20: =IF(H20<>"",ROUNDUP(H20*(1+I20),0),"") | K20: 6 | L20: =IF(B20<>"",$B$3,"") | M20: =IF(AND(J20<>"",K20<>"",L20>0),ROUNDUP((J20*K20)/L20,0),"") | N20: =IF(AND(M20<>"",G20>0),ROUNDUP(M20/G20,0),"") | O20: =IF(AND(N20<>"",G20>0),N20*G20,"") | P20: =IF(AND(O20<>"",L20<>""),ROUND(O20*L20,0),"") | Q20: =IF(AND(P20<>"",K20>0),ROUNDDOWN(P20/K20,0),"") | R20: =IF(AND(Q20<>"",J20<>""),Q20-J20,"") | S20: =IF(G20<>"",G20&" tray","") -> 595 tray | T20: =IF(M20>0,"YES","") -> YES
A21: 13 | D21: =IF(B21<>"",$B$2,"") | F21: =IF(AND(D21<>"",E21<>""),D21+E21,"") | G21: 595 | I21: =IF(H21<>"",$B$4,"") | J21: =IF(H21<>"",ROUNDUP(H21*(1+I21),0),"") | K21: 6 | L21: =IF(B21<>"",$B$3,"") | M21: =IF(AND(J21<>"",K21<>"",L21>0),ROUNDUP((J21*K21)/L21,0),"") | N21: =IF(AND(M21<>"",G21>0),ROUNDUP(M21/G21,0),"") | O21: =IF(AND(N21<>"",G21>0),N21*G21,"") | P21: =IF(AND(O21<>"",L21<>""),ROUND(O21*L21,0),"") | Q21: =IF(AND(P21<>"",K21>0),ROUNDDOWN(P21/K21,0),"") | R21: =IF(AND(Q21<>"",J21<>""),Q21-J21,"") | S21: =IF(G21<>"",G21&" tray","") -> 595 tray | T21: =IF(M21>0,"YES","") -> YES
A22: 14 | D22: =IF(B22<>"",$B$2,"") | F22: =IF(AND(D22<>"",E22<>""),D22+E22,"") | G22: 595 | I22: =IF(H22<>"",$B$4,"") | J22: =IF(H22<>"",ROUNDUP(H22*(1+I22),0),"") | K22: 6 | L22: =IF(B22<>"",$B$3,"") | M22: =IF(AND(J22<>"",K22<>"",L22>0),ROUNDUP((J22*K22)/L22,0),"") | N22: =IF(AND(M22<>"",G22>0),ROUNDUP(M22/G22,0),"") | O22: =IF(AND(N22<>"",G22>0),N22*G22,"") | P22: =IF(AND(O22<>"",L22<>""),ROUND(O22*L22,0),"") | Q22: =IF(AND(P22<>"",K22>0),ROUNDDOWN(P22/K22,0),"") | R22: =IF(AND(Q22<>"",J22<>""),Q22-J22,"") | S22: =IF(G22<>"",G22&" tray","") -> 595 tray | T22: =IF(M22>0,"YES","") -> YES
A23: 15 | D23: =IF(B23<>"",$B$2,"") | F23: =IF(AND(D23<>"",E23<>""),D23+E23,"") | G23: 595 | I23: =IF(H23<>"",$B$4,"") | J23: =IF(H23<>"",ROUNDUP(H23*(1+I23),0),"") | K23: 6 | L23: =IF(B23<>"",$B$3,"") | M23: =IF(AND(J23<>"",K23<>"",L23>0),ROUNDUP((J23*K23)/L23,0),"") | N23: =IF(AND(M23<>"",G23>0),ROUNDUP(M23/G23,0),"") | O23: =IF(AND(N23<>"",G23>0),N23*G23,"") | P23: =IF(AND(O23<>"",L23<>""),ROUND(O23*L23,0),"") | Q23: =IF(AND(P23<>"",K23>0),ROUNDDOWN(P23/K23,0),"") | R23: =IF(AND(Q23<>"",J23<>""),Q23-J23,"") | S23: =IF(G23<>"",G23&" tray","") -> 595 tray | T23: =IF(M23>0,"YES","") -> YES
A24: 16 | D24: =IF(B24<>"",$B$2,"") | F24: =IF(AND(D24<>"",E24<>""),D24+E24,"") | G24: 595 | I24: =IF(H24<>"",$B$4,"") | J24: =IF(H24<>"",ROUNDUP(H24*(1+I24),0),"") | K24: 6 | L24: =IF(B24<>"",$B$3,"") | M24: =IF(AND(J24<>"",K24<>"",L24>0),ROUNDUP((J24*K24)/L24,0),"") | N24: =IF(AND(M24<>"",G24>0),ROUNDUP(M24/G24,0),"") | O24: =IF(AND(N24<>"",G24>0),N24*G24,"") | P24: =IF(AND(O24<>"",L24<>""),ROUND(O24*L24,0),"") | Q24: =IF(AND(P24<>"",K24>0),ROUNDDOWN(P24/K24,0),"") | R24: =IF(AND(Q24<>"",J24<>""),Q24-J24,"") | S24: =IF(G24<>"",G24&" tray","") -> 595 tray | T24: =IF(M24>0,"YES","") -> YES
A25: 17 | D25: =IF(B25<>"",$B$2,"") | F25: =IF(AND(D25<>"",E25<>""),D25+E25,"") | G25: 595 | I25: =IF(H25<>"",$B$4,"") | J25: =IF(H25<>"",ROUNDUP(H25*(1+I25),0),"") | K25: 6 | L25: =IF(B25<>"",$B$3,"") | M25: =IF(AND(J25<>"",K25<>"",L25>0),ROUNDUP((J25*K25)/L25,0),"") | N25: =IF(AND(M25<>"",G25>0),ROUNDUP(M25/G25,0),"") | O25: =IF(AND(N25<>"",G25>0),N25*G25,"") | P25: =IF(AND(O25<>"",L25<>""),ROUND(O25*L25,0),"") | Q25: =IF(AND(P25<>"",K25>0),ROUNDDOWN(P25/K25,0),"") | R25: =IF(AND(Q25<>"",J25<>""),Q25-J25,"") | S25: =IF(G25<>"",G25&" tray","") -> 595 tray | T25: =IF(M25>0,"YES","") -> YES
... A58: 50 | D58: =IF(B58<>"",$B$2,"") | F58: =IF(AND(D58<>"",E58<>""),D58+E58,"") | G58: 595 | I58: =IF(H58<>"",$B$4,"") | J58: =IF(H58<>"",ROUNDUP(H58*(1+I58),0),"") | K58: 6 | L58: =IF(B58<>"",$B$3,"") | M58: =IF(AND(J58<>"",K58<>"",L58>0),ROUNDUP((J58*K58)/L58,0),"") | N58: =IF(AND(M58<>"",G58>0),ROUNDUP(M58/G58,0),"") | O58: =IF(AND(N58<>"",G58>0),N58*G58,"") | P58: =IF(AND(O58<>"",L58<>""),ROUND(O58*L58,0),"") | Q58: =IF(AND(P58<>"",K58>0),ROUNDDOWN(P58/K58,0),"") | R58: =IF(AND(Q58<>"",J58<>""),Q58-J58,"") | S58: =IF(G58<>"",G58&" tray","") -> 595 tray | T58: =IF(M58>0,"YES","") -> YES

Sheet Weekly Plan
A1: Weekly Sowing Output - Sort by Priority or Seed Pulling Order
A3: Line | B3: Crop Name | C3: Sow Priority | D3: Current Week | E3: Week Ready For | F3: Grow Weeks | G3: Grow Tray | H3: Base Forecast Units | I3: Adjusted Units | J3: Output Divisor | K3: Growth % | L3: Seeds to Sow | M3: Trays to Sow | N3: Expected Output Units | O3: Notes | Q3: Summary
A4: =Inputs!A9 -> 1 | B4: =Inputs!B9 -> Begonia 6-pack | C4: =Inputs!C9 -> 1 | D4: =Inputs!D9 -> 7 | E4: =Inputs!F9 -> 14 | F4: =Inputs!E9 -> 7 | G4: =Inputs!G9 -> 595 | H4: =Inputs!H9 -> 950 | I4: =Inputs!J9 -> 998 | J4: =Inputs!K9 -> 6 | K4: =Inputs!L9 -> 0.9 | L4: =Inputs!M9 -> 6654 | M4: =Inputs!N9 -> 12 | N4: =Inputs!Q9 -> 1071 | O4: =Inputs!U9 -> Example | Q4: Sales Growth % | R4: =Inputs!$B$4 -> 0.05
A5: =Inputs!A10 -> 2 | B5: =Inputs!B10 -> Petunia 6-pack | C5: =Inputs!C10 -> 2 | D5: =Inputs!D10 -> 7 | E5: =Inputs!F10 -> 13 | F5: =Inputs!E10 -> 6 | G5: =Inputs!G10 -> 595 | H5: =Inputs!H10 -> 1200 | I5: =Inputs!J10 -> 1260 | J5: =Inputs!K10 -> 6 | K5: =Inputs!L10 -> 0.9 | L5: =Inputs!M10 -> 8400 | M5: =Inputs!N10 -> 15 | N5: =Inputs!Q10 -> 1338 | O5: =Inputs!U10 -> Example | Q5: Total Seeds | R5: =SUM(L4:L53) -> 21765
A6: =Inputs!A11 -> 3 | B6: =Inputs!B11 -> Marigold 6-pack | C6: =Inputs!C11 -> 3 | D6: =Inputs!D11 -> 7 | E6: =Inputs!F11 -> 12 | F6: =Inputs!E11 -> 5 | G6: =Inputs!G11 -> 595 | H6: =Inputs!H11 -> 800 | I6: =Inputs!J11 -> 840 | J6: =Inputs!K11 -> 6 | K6: =Inputs!L11 -> 0.9 | L6: =Inputs!M11 -> 5600 | M6: =Inputs!N11 -> 10 | N6: =Inputs!Q11 -> 892 | O6: =Inputs!U11 -> Example | Q6: Total 595 Trays | R6: =SUMIF(G4:G53,595,M4:M53) -> 37
A7: =Inputs!A12 -> 4 | B7: =Inputs!B12 -> Petunia colour pot | C7: =Inputs!C12 -> 4 | D7: =Inputs!D12 -> 7 | E7: =Inputs!F12 -> 13 | F7: =Inputs!E12 -> 6 | G7: =Inputs!G12 -> 512 | H7: =Inputs!H12 -> 350 | I7: =Inputs!J12 -> 368 | J7: =Inputs!K12 -> 2 | K7: =Inputs!L12 -> 0.9 | L7: =Inputs!M12 -> 818 | M7: =Inputs!N12 -> 2 | N7: =Inputs!Q12 -> 461 | O7: =Inputs!U12 -> Example | Q7: Total 512 Trays | R7: =SUMIF(G4:G53,512,M4:M53) -> 2
A8: =Inputs!A13 -> 5 | B8: =Inputs!B13 -> Dianthus perennial pot | C8: =Inputs!C13 -> 5 | D8: =Inputs!D13 -> 7 | E8: =Inputs!F13 -> 15 | F8: =Inputs!E13 -> 8 | G8: =Inputs!G13 -> 128 | H8: =Inputs!H13 -> 250 | I8: =Inputs!J13 -> 263 | J8: =Inputs!K13 -> 1 | K8: =Inputs!L13 -> 0.9 | L8: =Inputs!M13 -> 293 | M8: =Inputs!N13 -> 3 | N8: =Inputs!Q13 -> 346 | O8: =Inputs!U13 -> Example | Q8: Total 128 Trays | R8: =SUMIF(G4:G53,128,M4:M53) -> 3
A9: =Inputs!A14 -> 6 | B9: =Inputs!B14 -> 0 | C9: =Inputs!C14 -> 0 | D9: =Inputs!D14 | E9: =Inputs!F14 | F9: =Inputs!E14 -> 0 | G9: =Inputs!G14 -> 595 | H9: =Inputs!H14 -> 0 | I9: =Inputs!J14 | J9: =Inputs!K14 -> 6 | K9: =Inputs!L14 | L9: =Inputs!M14 | M9: =Inputs!N14 | N9: =Inputs!Q14 | O9: =Inputs!U14 -> 0 | Q9: Total Output Units | R9: =SUM(N4:N53) -> 4108
A10: =Inputs!A15 -> 7 | B10: =Inputs!B15 -> 0 | C10: =Inputs!C15 -> 0 | D10: =Inputs!D15 | E10: =Inputs!F15 | F10: =Inputs!E15 -> 0 | G10: =Inputs!G15 -> 595 | H10: =Inputs!H15 -> 0 | I10: =Inputs!J15 | J10: =Inputs!K15 -> 6 | K10: =Inputs!L15 | L10: =Inputs!M15 | M10: =Inputs!N15 | N10: =Inputs!Q15 | O10: =Inputs!U15 -> 0
A11: =Inputs!A16 -> 8 | B11: =Inputs!B16 -> 0 | C11: =Inputs!C16 -> 0 | D11: =Inputs!D16 | E11: =Inputs!F16 | F11: =Inputs!E16 -> 0 | G11: =Inputs!G16 -> 595 | H11: =Inputs!H16 -> 0 | I11: =Inputs!J16 | J11: =Inputs!K16 -> 6 | K11: =Inputs!L16 | L11: =Inputs!M16 | M11: =Inputs!N16 | N11: =Inputs!Q16 | O11: =Inputs!U16 -> 0
A12: =Inputs!A17 -> 9 | B12: =Inputs!B17 -> 0 | C12: =Inputs!C17 -> 0 | D12: =Inputs!D17 | E12: =Inputs!F17 | F12: =Inputs!E17 -> 0 | G12: =Inputs!G17 -> 595 | H12: =Inputs!H17 -> 0 | I12: =Inputs!J17 | J12: =Inputs!K17 -> 6 | K12: =Inputs!L17 | L12: =Inputs!M17 | M12: =Inputs!N17 | N12: =Inputs!Q17 | O12: =Inputs!U17 -> 0
A13: =Inputs!A18 -> 10 | B13: =Inputs!B18 -> 0 | C13: =Inputs!C18 -> 0 | D13: =Inputs!D18 | E13: =Inputs!F18 | F13: =Inputs!E18 -> 0 | G13: =Inputs!G18 -> 595 | H13: =Inputs!H18 -> 0 | I13: =Inputs!J18 | J13: =Inputs!K18 -> 6 | K13: =Inputs!L18 | L13: =Inputs!M18 | M13: =Inputs!N18 | N13: =Inputs!Q18 | O13: =Inputs!U18 -> 0
A14: =Inputs!A19 -> 11 | B14: =Inputs!B19 -> 0 | C14: =Inputs!C19 -> 0 | D14: =Inputs!D19 | E14: =Inputs!F19 | F14: =Inputs!E19 -> 0 | G14: =Inputs!G19 -> 595 | H14: =Inputs!H19 -> 0 | I14: =Inputs!J19 | J14: =Inputs!K19 -> 6 | K14: =Inputs!L19 | L14: =Inputs!M19 | M14: =Inputs!N19 | N14: =Inputs!Q19 | O14: =Inputs!U19 -> 0
A15: =Inputs!A20 -> 12 | B15: =Inputs!B20 -> 0 | C15: =Inputs!C20 -> 0 | D15: =Inputs!D20 | E15: =Inputs!F20 | F15: =Inputs!E20 -> 0 | G15: =Inputs!G20 -> 595 | H15: =Inputs!H20 -> 0 | I15: =Inputs!J20 | J15: =Inputs!K20 -> 6 | K15: =Inputs!L20 | L15: =Inputs!M20 | M15: =Inputs!N20 | N15: =Inputs!Q20 | O15: =Inputs!U20 -> 0
A16: =Inputs!A21 -> 13 | B16: =Inputs!B21 -> 0 | C16: =Inputs!C21 -> 0 | D16: =Inputs!D21 | E16: =Inputs!F21 | F16: =Inputs!E21 -> 0 | G16: =Inputs!G21 -> 595 | H16: =Inputs!H21 -> 0 | I16: =Inputs!J21 | J16: =Inputs!K21 -> 6 | K16: =Inputs!L21 | L16: =Inputs!M21 | M16: =Inputs!N21 | N16: =Inputs!Q21 | O16: =Inputs!U21 -> 0
A17: =Inputs!A22 -> 14 | B17: =Inputs!B22 -> 0 | C17: =Inputs!C22 -> 0 | D17: =Inputs!D22 | E17: =Inputs!F22 | F17: =Inputs!E22 -> 0 | G17: =Inputs!G22 -> 595 | H17: =Inputs!H22 -> 0 | I17: =Inputs!J22 | J17: =Inputs!K22 -> 6 | K17: =Inputs!L22 | L17: =Inputs!M22 | M17: =Inputs!N22 | N17: =Inputs!Q22 | O17: =Inputs!U22 -> 0
A18: =Inputs!A23 -> 15 | B18: =Inputs!B23 -> 0 | C18: =Inputs!C23 -> 0 | D18: =Inputs!D23 | E18: =Inputs!F23 | F18: =Inputs!E23 -> 0 | G18: =Inputs!G23 -> 595 | H18: =Inputs!H23 -> 0 | I18: =Inputs!J23 | J18: =Inputs!K23 -> 6 | K18: =Inputs!L23 | L18: =Inputs!M23 | M18: =Inputs!N23 | N18: =Inputs!Q23 | O18: =Inputs!U23 -> 0
A19: =Inputs!A24 -> 16 | B19: =Inputs!B24 -> 0 | C19: =Inputs!C24 -> 0 | D19: =Inputs!D24 | E19: =Inputs!F24 | F19: =Inputs!E24 -> 0 | G19: =Inputs!G24 -> 595 | H19: =Inputs!H24 -> 0 | I19: =Inputs!J24 | J19: =Inputs!K24 -> 6 | K19: =Inputs!L24 | L19: =Inputs!M24 | M19: =Inputs!N24 | N19: =Inputs!Q24 | O19: =Inputs!U24 -> 0
A20: =Inputs!A25 -> 17 | B20: =Inputs!B25 -> 0 | C20: =Inputs!C25 -> 0 | D20: =Inputs!D25 | E20: =Inputs!F25 | F20: =Inputs!E25 -> 0 | G20: =Inputs!G25 -> 595 | H20: =Inputs!H25 -> 0 | I20: =Inputs!J25 | J20: =Inputs!K25 -> 6 | K20: =Inputs!L25 | L20: =Inputs!M25 | M20: =Inputs!N25 | N20: =Inputs!Q25 | O20: =Inputs!U25 -> 0
A21: =Inputs!A26 -> 18 | B21: =Inputs!B26 -> 0 | C21: =Inputs!C26 -> 0 | D21: =Inputs!D26 | E21: =Inputs!F26 | F21: =Inputs!E26 -> 0 | G21: =Inputs!G26 -> 595 | H21: =Inputs!H26 -> 0 | I21: =Inputs!J26 | J21: =Inputs!K26 -> 6 | K21: =Inputs!L26 | L21: =Inputs!M26 | M21: =Inputs!N26 | N21: =Inputs!Q26 | O21: =Inputs!U26 -> 0
... A53: =Inputs!A58 -> 50 | B53: =Inputs!B58 -> 0 | C53: =Inputs!C58 -> 0 | D53: =Inputs!D58 | E53: =Inputs!F58 | F53: =Inputs!E58 -> 0 | G53: =Inputs!G58 -> 595 | H53: =Inputs!H58 -> 0 | I53: =Inputs!J58 | J53: =Inputs!K58 -> 6 | K53: =Inputs!L58 | L53: =Inputs!M58 | M53: =Inputs!N58 | N53: =Inputs!Q58 | O53: =Inputs!U58 -> 0

Sheet Lookups
A1: Lookup / Guidance
A3: Grow Tray | B3: Cells | D3: Output Divisor | E3: Meaning | G3: Priority Method | H3: Meaning
A4: 595 | B4: 595 | D4: 6 | E4: 6-pack | G4: 1 | H4: Sow first / highest priority
A5: 512 | B5: 512 | D5: 4 | E5: 4-pack | G5: 2 | H5: Sow second
A6: 128 | B6: 128 | D6: 2 | E6: 2 plants per pot | G6: 3 | H6: Sow third
D7: 1 | E7: 1 plant per pot | G7: A/B/C | H7: Less useful for exact daily order
G8: Blank | H8: No priority assigned yet

Sheet Instructions
A1: How to Use the Weekly Sowing Planner
A3: Step | B3: What to do | C3: Where
A4: 1 | B4: Enter the current production week number, default growth %, and default sales growth % at the top of the Inputs sheet. | C4: Inputs B2:B4
A5: 2 | B5: List crops in the order easiest for pulling seed, e.g. alphabetical if preferred. | C5: Inputs Crop Name
A6: 3 | B6: Enter a Sow Priority number where 1 is planted first, 2 second, etc. This gives the sowing team a planting order without changing the seed-pulling order. | C6: Inputs column C
A7: 4 | B7: Enter the base forecast output units from last year/seasonal data. The sales growth % automatically adjusts it. | C7: Inputs column H
A8: 5 | B8: Enter Grow Weeks, Grow Tray, Output Divisor, and Growth % if different from default. | C8: Inputs columns E, G, K, L
A9: 6 | B9: Use the Weekly Plan sheet for the sowing output. Sort/filter by Sow Priority when deciding what gets planted first. | C9: Weekly Plan
A10: 7 | B10: If current sales are 5% higher than last year, enter 5% in Default Sales Growth %. If sales are down 5%, enter -5%. | C10: Inputs B4
